{"cameraMode":{"drawMode":0,"name":"Shaded","section":"Shading Mode"},"sceneLighting":false,"audioPlay":false,"sceneViewState":{"showFog":true,"showMaterialUpdate":false,"showSkybox":false,"showFlares":true,"showImageEffects":true,"showParticleSystems":true},"in2DMode":false,"pivot":{"x":18.39788246154785,"y":-4.562108516693115,"z":-6.702640533447266},"rotation":{"x":-0.06319116055965424,"y":-0.8856372237205505,"z":0.1265205293893814,"w":-0.4423271417617798},"size":23.334524154663087,"orthographic":false}