{"cameraMode":{"drawMode":0,"name":"Shaded","section":"Shading Mode"},"sceneLighting":false,"audioPlay":false,"sceneViewState":{"showFog":true,"showMaterialUpdate":false,"showSkybox":false,"showFlares":true,"showImageEffects":true,"showParticleSystems":true},"in2DMode":false,"pivot":{"x":-5.799530029296875,"y":-3.3490641117095949,"z":-3.798258066177368},"rotation":{"x":-0.016870254650712014,"y":0.9575420618057251,"z":-0.28209400177001955,"w":-0.05721438676118851},"size":26.628568649291993,"orthographic":false}