{"cameraMode":{"drawMode":0,"name":"Shaded","section":"Shading Mode"},"sceneLighting":true,"audioPlay":false,"sceneViewState":{"showFog":true,"showMaterialUpdate":false,"showSkybox":true,"showFlares":true,"showImageEffects":true,"showParticleSystems":true},"in2DMode":false,"pivot":{"x":1077.379638671875,"y":-38.894474029541019,"z":476.73883056640627},"rotation":{"x":-0.01614118553698063,"y":-0.6096484661102295,"z":0.012469889596104622,"w":-0.7924595475196838},"size":1018.379638671875,"orthographic":false}