{"cameraMode":{"drawMode":0,"name":"Shaded","section":"Shading Mode"},"sceneLighting":false,"audioPlay":false,"sceneViewState":{"showFog":true,"showMaterialUpdate":false,"showSkybox":false,"showFlares":true,"showImageEffects":true,"showParticleSystems":true},"in2DMode":false,"pivot":{"x":-3.0376107692718508,"y":2.5690042972564699,"z":4.091068267822266},"rotation":{"x":-0.029942799359560014,"y":-0.969287097454071,"z":0.15185004472732545,"w":-0.19114544987678529},"size":9.171311378479004,"orthographic":false}